file_name,text
22CBKFhZtnZ54kdUkj8Vr9_22CBKFhZtnZ54kdUkj8Vr9-001.png,"1girl, solo, animal ears, hat, santa hat, long hair, purple eyes, animal ear fluff, bare shoulders, red headwear, looking at viewer, jewelry, christmas, dress, long sleeves, white hair, fur trim, bracelet, off shoulder, belt, red dress, closed mouth, hand up, hair between eyes, black belt, wide sleeves, blush, fur-trimmed headwear, cat ears, off-shoulder dress, santa costume, fur-trimmed dress, bell, bow, fur-trimmed sleeves, blurry, buttons, blurry background, upper body, belt buckle, bangle"
22CBKFhZtnZ54kdUkj8Vr9_22CBKFhZtnZ54kdUkj8Vr9-002.png,"1girl, solo, santa hat, animal ears, hat, purple eyes, bracelet, animal ear fluff, long hair, jewelry, looking at viewer, bare shoulders, off shoulder, parted lips, plaid, blush, plaid skirt, christmas, off-shoulder dress, red headwear, dress, red dress, cat ears, hands up, white hair, skirt, choker, bangle, simple background, off-shoulder shirt, white background, pom pom \(clothes\), black choker, fur-trimmed headwear, bell, fur trim, hair between eyes, hands on own face, grey hair, leaning forward, short sleeves"
22ZCm4rkfnmqWRxoemi9fx_22ZCm4rkfnmqWRxoemi9fx-001.png,"bicycle, animal ears, dress, white dress, short sleeves, gloves, outdoors, long hair, 2girls, cat ears, multiple girls, white footwear, blonde hair, solo focus, riding, white gloves, riding bicycle, boots, puffy short sleeves, puffy sleeves, green eyes, bag, animal hands, day, bicycle basket, road, paw gloves, animal ear fluff, :o, tree, blush, signature, full body"
22ZCm4rkfnmqWRxoemi9fx_22ZCm4rkfnmqWRxoemi9fx-002.png,"bicycle, animal ears, dress, white dress, long hair, blonde hair, lamppost, animal hands, outdoors, paw gloves, short sleeves, cat ears, multiple girls, gloves, solo focus, 2girls, looking at viewer, tree, bell, standing, blush, day, signature, riding, full body, socks, puffy short sleeves, riding bicycle, earrings, paw shoes, puffy sleeves, reflection, white gloves, cat paws, blue eyes"
22ZCm4rkfnmqWRxoemi9fx_22ZCm4rkfnmqWRxoemi9fx-003.png,"1girl, animal ears, solo, white dress, dress, blonde hair, outdoors, long hair, bicycle, cat ears, short sleeves, white footwear, gloves, looking at viewer, boots, white gloves, full body, puffy sleeves, puffy short sleeves, signature, standing, day, tree, blush, animal hands, green eyes, animal ear fluff, paw gloves, fur trim, standing on one leg"
22ZCm4rkfnmqWRxoemi9fx_22ZCm4rkfnmqWRxoemi9fx-004.png,"animal ears, bicycle, white dress, dress, blonde hair, outdoors, long hair, animal hands, multiple girls, short sleeves, gloves, cat ears, solo focus, tree, white footwear, riding bicycle, paw gloves, boots, day, signature, green eyes, collarbone, puffy short sleeves, riding, blush, puffy sleeves, animal ear fluff, full body, white gloves, ribbon, 3girls, bicycle basket, 2girls, green ribbon"
22cfPS6Bn9XoDWiKWdaQD4_22cfPS6Bn9XoDWiKWdaQD4-001.png,"1girl, solo, black hair, hood, skirt, black hoodie, blue eyes, smile, hair ornament, ahoge, hoodie, socks, loose socks, shoes, hairclip, plaid skirt, long sleeves, looking at viewer, plaid, black footwear, hood down, closed mouth, white socks, pleated skirt, full body, standing, blue skirt, puffy long sleeves, puffy sleeves, short hair, hair between eyes, miniskirt, multicolored hair, sneakers, drawstring, blush"
22cfPS6Bn9XoDWiKWdaQD4_22cfPS6Bn9XoDWiKWdaQD4-002.png,"1girl, solo, blue eyes, hood, black hair, hair ornament, smile, full body, hoodie, hairclip, socks, ahoge, white socks, black hoodie, black footwear, long sleeves, simple background, loose socks, looking at viewer, shoes, short hair, closed mouth, hood down, blush, standing, shorts, puffy long sleeves, grey background, sleeves past wrists, drawstring, puffy sleeves"
22cfPS6Bn9XoDWiKWdaQD4_22cfPS6Bn9XoDWiKWdaQD4-003.png,"1girl, black hair, blue eyes, hood, smile, hair ornament, solo, hood down, ahoge, black hoodie, socks, hoodie, white socks, long sleeves, looking at viewer, black footwear, drawstring, shoes, closed mouth, hairclip, loose socks, blush, sitting, knee up, arm up, white background, puffy long sleeves, hair between eyes, puffy sleeves, arm behind head, short hair"
22cfPS6Bn9XoDWiKWdaQD4_22cfPS6Bn9XoDWiKWdaQD4-004.png,"1girl, blue eyes, solo, smile, hood, hair ornament, black hair, hairclip, hoodie, ahoge, black hoodie, looking at viewer, long sleeves, blush, upper body, closed mouth, arm up, drawstring, hood down, outdoors, day, sky, short hair, sleeves past wrists, blue sky, clothes writing, puffy long sleeves"
233af7BVxZh9pqvtDyW5sR_233af7BVxZh9pqvtDyW5sR-001.png,"1girl, solo, beach, barefoot, realistic, crown, dress, black hair, photorealistic, walking, outdoors, water, bag, smile, ocean, day, long hair, sand, bare shoulders, full body"
23PGE2JTpacQvPWAEjMb55_23PGE2JTpacQvPWAEjMb55-001.png,"1girl, solo, heterochromia, red eyes, blue eyes, red hair, bicycle, skirt, jacket, shirt, short hair, white footwear, shoes, white shirt, outdoors, white jacket, full body, open clothes, looking at viewer, black skirt, open jacket, long sleeves, sneakers, socks, closed mouth, breasts, hand up, waving, building, jewelry, standing, pencil skirt, high-waist skirt, city, earrings, black socks"
23PGE2JTpacQvPWAEjMb55_23PGE2JTpacQvPWAEjMb55-002.png,"1girl, heterochromia, solo, skirt, red hair, blue eyes, shirt, short hair, red eyes, white shirt, looking at viewer, bicycle, outdoors, black skirt, coat, choker, black choker, white coat, pencil skirt, open clothes, breasts, long sleeves, jewelry, building, blush, open coat, day, waving, feet out of frame, thighs, medium breasts, standing, closed mouth, high-waist skirt, miniskirt"
23PGE2JTpacQvPWAEjMb55_23PGE2JTpacQvPWAEjMb55-003.png,"1girl, solo, red eyes, skirt, heterochromia, blue eyes, red hair, pantyhose, short hair, shirt, outdoors, white shirt, looking at viewer, jewelry, jacket, open clothes, choker, bicycle, breasts, necklace, black skirt, long sleeves, black choker, parted lips, white jacket, pencil skirt, high-waist skirt, black pantyhose, building, waving, day, sky, bag, medium breasts, bracelet, hair intakes, open jacket, hand up, blush, city"
23PGE2JTpacQvPWAEjMb55_23PGE2JTpacQvPWAEjMb55-004.png,"1girl, solo, blue eyes, pantyhose, heterochromia, skirt, red eyes, red hair, looking at viewer, shirt, breasts, bicycle, choker, black choker, black skirt, shoes, outdoors, long sleeves, white shirt, blush, black pantyhose, closed mouth, jewelry, short hair, necklace, smile, full body, day, standing, large breasts, white footwear, vending machine, medium hair, waving, sneakers, pencil skirt, hand up"
242Hb9TCEEMzs3PJv7mJKM_242Hb9TCEEMzs3PJv7mJKM-001.png,"violin, 1girl, blue eyes, dress, instrument, blue hair, long hair, holding violin, blue dress, playing instrument, holding, music, smile, ponytail, short sleeves, jewelry, solo focus, holding instrument, bow \(music\), indoors, very long hair, closed mouth, necklace, puffy sleeves, blurry background, blurry, breasts, puffy short sleeves, see-through sleeves, looking at viewer, see-through"
242Hb9TCEEMzs3PJv7mJKM_242Hb9TCEEMzs3PJv7mJKM-002.png,"1girl, instrument, violin, dress, music, playing instrument, holding, blue dress, blue eyes, blue hair, short sleeves, holding violin, smile, holding instrument, solo, puffy sleeves, long hair, blurry, puffy short sleeves, see-through, see-through sleeves, blurry background, jewelry, breasts, ponytail, spotlight, bow \(music\), hair ornament, necklace, stage lights, sidelocks"
242Hb9TCEEMzs3PJv7mJKM_242Hb9TCEEMzs3PJv7mJKM-003.png,"violin, instrument, dress, blue eyes, 1girl, holding violin, blue hair, blue dress, playing instrument, long hair, music, holding, short sleeves, smile, ponytail, solo focus, holding instrument, blurry, indoors, blurry background, bow \(music\), closed mouth, puffy sleeves, very long hair, stairs, multiple boys, belt, puffy short sleeves, sidelocks, looking at viewer, cello, blush"
2469RafxEhRS4aAoAewrvC_2469RafxEhRS4aAoAewrvC-001.png,"1girl, solo, jewelry, realistic, earrings, upper body, parted lips, gem, headphones, dress, breasts, black hair, green gemstone, lips, cleavage, black eyes, long hair"
2469RafxEhRS4aAoAewrvC_2469RafxEhRS4aAoAewrvC-002.png,"1girl, solo, realistic, jewelry, long hair, earrings, dress, brown hair, green dress, asian, looking at viewer, smile, hair ornament, detached sleeves, photorealistic, upper body, bare shoulders, detached collar, black background, black eyes, brown eyes"
2469RafxEhRS4aAoAewrvC_2469RafxEhRS4aAoAewrvC-003.png,"1girl, realistic, solo, looking at viewer, portrait, mechanical parts, lips, science fiction, brown hair, long hair, brown eyes, smile, grey background, simple background, android, cyberpunk, cyborg, closed mouth, collarbone"
24JBcLhohZmn5PkFKPrcyd_24JBcLhohZmn5PkFKPrcyd-001.png,"1girl, one eye closed, animal ears, streaked hair, solo, multicolored hair, virtual youtuber, red hair, open mouth, wolf ears, yellow eyes, zzz, black hair, animal ear fluff, tank top, night, fangs, short hair, looking at viewer, night sky, hair between eyes, upper body, blush, star \(sky\), wolf girl, black tank top, bare shoulders, starry sky, black shirt, sky, teeth, indoors, messy hair, window"
24JBcLhohZmn5PkFKPrcyd_24JBcLhohZmn5PkFKPrcyd-002.png,"1girl, animal ears, solo, yellow eyes, open mouth, night, tank top, fangs, animal ear fluff, black tank top, long sleeves, looking at viewer, jacket, white jacket, window, off shoulder, night sky, sky, black hair, blush, indoors, bare shoulders, open clothes, cat ears, upper body, blue hair, star \(sky\), collarbone, shirt, black shirt, short hair, open jacket, teeth"
24JBcLhohZmn5PkFKPrcyd_24JBcLhohZmn5PkFKPrcyd-003.png,"1girl, yawning, animal ears, open mouth, colored inner hair, multicolored hair, red hair, yellow eyes, fangs, looking at viewer, black hair, short hair, tank top, night, collarbone, window, cat ears, black tank top, upper body, animal ear fluff, blush, hair between eyes, bare shoulders, two-tone hair, solo, night sky, chibi inset, virtual youtuber, chibi, hand up"
24hs4xXLf2kkm7N4uxyENg_24hs4xXLf2kkm7N4uxyENg-001.png,"1girl, solo, one eye closed, green eyes, black hair, looking at viewer, short hair, blush, dress, upper body, multicolored hair, colored inner hair, sleeveless, hand up, orange hair, small breasts, collarbone, twintails, two-tone hair, bare arms, breasts, parted lips, low twintails"
24hs4xXLf2kkm7N4uxyENg_24hs4xXLf2kkm7N4uxyENg-002.png,"1girl, solo, looking at viewer, black hair, blush, short hair, curtain grab, curtains, bare shoulders, multicolored hair, upper body, blue eyes, two-tone hair, colored inner hair, closed mouth, short ponytail, dress, orange hair, bare arms, sleeveless, collarbone, small breasts, breasts, spaghetti strap"
24hs4xXLf2kkm7N4uxyENg_24hs4xXLf2kkm7N4uxyENg-003.png,"1girl, cooking, apron, shirt, solo, pants, jeans, yellow apron, denim, black hair, stove, short ponytail, short sleeves, kitchen, from behind, indoors, white shirt, holding, ponytail, frying pan, short hair, food, window, t-shirt, blue pants, standing, ladle, pocket, cowboy shot, tile wall, sidelocks, cooking pot"
24hs4xXLf2kkm7N4uxyENg_24hs4xXLf2kkm7N4uxyENg-004.png,"1girl, solo, denim, pants, jeans, shirt, smile, looking at viewer, short hair, sitting, white shirt, blush, black hair, knee up, short sleeves, t-shirt, closed mouth, short ponytail, blue pants, yellow eyes, brown eyes, indoors, tree, day"
24tmNbi2ZuCj5ecNXXF3fU_24tmNbi2ZuCj5ecNXXF3fU-001.png,"1girl, smile, solo, multicolored hair, braid, cup, holding, jacket, breasts, grin, mug, pink hair, blue hair, looking at viewer, alcohol, black choker, choker, blue jacket, blush, white tank top, cleavage, holding cup, two-tone hair, tank top, upper body, bare shoulders, open jacket, off shoulder, red eyes, indoors, jewelry, shirt, magatama, necklace, pink eyes, open clothes, beer mug, white shirt, teeth, blunt bangs, beer, small breasts"
24tmNbi2ZuCj5ecNXXF3fU_24tmNbi2ZuCj5ecNXXF3fU-002.png,"1girl, breasts, horns, pointy ears, solo, smile, jewelry, alcohol, large breasts, blue hair, looking at viewer, cup, mug, magatama, necklace, beer mug, cleavage, earrings, oni, grin, blush, bare shoulders, beer, tank top, multicolored hair, red eyes, holding, off shoulder, long hair, white tank top, sweat, ponytail, indoors, upper body, skin-covered horns, collarbone, long sleeves, jacket, hand up, virtual youtuber, holding cup, teeth, white shirt"
24tmNbi2ZuCj5ecNXXF3fU_24tmNbi2ZuCj5ecNXXF3fU-003.png,"1girl, breasts, animal ears, smile, solo, cup, large breasts, looking at viewer, green eyes, glasses, green hair, grin, holding, alcohol, animal ear fluff, cleavage, jacket, blush, beer, cat ears, bare shoulders, holding cup, mug, upper body, indoors, collarbone, tank top, semi-rimless eyewear, off shoulder, white shirt, long sleeves, shirt, hair ornament, open jacket, white tank top, teeth, beer mug, open clothes, cat girl, virtual youtuber, sleeveless shirt, blunt bangs, blue jacket"
24tmNbi2ZuCj5ecNXXF3fU_24tmNbi2ZuCj5ecNXXF3fU-004.png,"1girl, solo, cup, smile, alcohol, braid, glasses, jacket, holding, blonde hair, braided bangs, looking at viewer, blush, grin, virtual youtuber, short hair, mug, red jacket, tank top, holding cup, beer, collarbone, off shoulder, white tank top, indoors, bar \(place\), beer mug, open clothes, open jacket, breasts, long sleeves, small breasts, upper body, bare shoulders, round eyewear, green eyes, teeth, aqua eyes"
24tmNbi2ZuCj5ecNXXF3fU_24tmNbi2ZuCj5ecNXXF3fU-005.png,"1girl, breasts, solo, animal ears, smile, cleavage, alcohol, looking at viewer, jacket, grin, large breasts, cup, hair ornament, animal ear fluff, blue hair, short hair, blush, x hair ornament, blue jacket, collarbone, virtual youtuber, mug, tank top, bare shoulders, beer, white tank top, long sleeves, open jacket, off shoulder, beer mug, blue eyes, upper body, teeth, open clothes, extra ears, white shirt, shirt"
24tmNbi2ZuCj5ecNXXF3fU_24tmNbi2ZuCj5ecNXXF3fU-006.png,"1girl, breasts, smile, solo, alcohol, large breasts, looking at viewer, cup, grin, long hair, holding, purple eyes, cleavage, jacket, earrings, jewelry, bare shoulders, purple hair, multicolored hair, colored inner hair, off shoulder, beer, holding cup, upper body, red jacket, blush, open jacket, mug, open clothes, beer mug, shirt, bar \(place\), indoors, red hair, long sleeves, cross earrings, white shirt, cross, two-tone hair, sleeveless shirt, sleeveless, teeth, collarbone, tank top"
24tmNbi2ZuCj5ecNXXF3fU_24tmNbi2ZuCj5ecNXXF3fU-007.png,"1girl, breasts, pointy ears, solo, smile, cup, large breasts, alcohol, star \(symbol\), hair ornament, looking at viewer, holding, cleavage, grin, blue hair, tattoo, jacket, mug, blush, star hair ornament, earrings, jewelry, multicolored hair, holding cup, braid, blue eyes, long hair, teeth, collarbone, bare shoulders, long sleeves, off shoulder, upper body, blue jacket, beer mug, open jacket, indoors, white shirt, beer, tank top, open clothes, sharp teeth"
24tmNbi2ZuCj5ecNXXF3fU_24tmNbi2ZuCj5ecNXXF3fU-008.png,"1girl, breasts, smile, cup, animal ears, mug, solo, pink hair, necklace, alcohol, holding, cleavage, jacket, looking at viewer, large breasts, heart, jewelry, heart hair ornament, grin, hair ornament, beer mug, long hair, blush, holding cup, beer, pink eyes, blue jacket, long sleeves, tank top, two side up, bar \(place\), off shoulder, white shirt, upper body, bare shoulders, open jacket, white tank top, collarbone, open clothes, multicolored hair, blunt bangs, virtual youtuber, shirt, animal ear fluff, fox ears, heart necklace, pink nails, nail polish, teeth, indoors, purple jacket, hair intakes"
24tmNbi2ZuCj5ecNXXF3fU_24tmNbi2ZuCj5ecNXXF3fU-009.png,"1girl, breasts, animal ears, smile, solo, green hair, green eyes, jacket, cleavage, cup, grin, looking at viewer, alcohol, off shoulder, bare shoulders, open jacket, ponytail, long sleeves, braid, mug, green jacket, holding, beer mug, bar \(place\), multicolored hair, open clothes, collarbone, beer, shirt, white shirt, animal ear fluff, fox ears, large breasts, upper body, blush, hand up, tank top, sleeveless shirt, holding cup, virtual youtuber, indoors, teeth, extra ears, sleeveless, medium breasts, short ponytail, fox girl"
24tmNbi2ZuCj5ecNXXF3fU_24tmNbi2ZuCj5ecNXXF3fU-010.png,"1girl, fox mask, smile, mask, blue hair, cup, solo, jacket, alcohol, jewelry, looking at viewer, mask on head, holding, red eyes, grin, mug, thick eyebrows, short eyebrows, necklace, off shoulder, blush, beer mug, collarbone, breasts, blue jacket, braid, short hair, white tank top, beer, upper body, open jacket, tank top, bare shoulders, strap slip, indoors, holding cup, open clothes, hair ornament, teeth, hairclip, long sleeves, magatama, black jacket, virtual youtuber, small breasts, white shirt, bar \(place\), blunt bangs, multicolored hair, shirt"
25BKgLyZQCcEofWUZV9fvY_25BKgLyZQCcEofWUZV9fvY-001.png,"1girl, animal ears, solo, cat ears, japanese clothes, pink kimono, long hair, twintails, maid headdress, kimono, maid, looking at viewer, apron, blush, aqua hair, upper body, animal ear fluff, aqua eyes, wa maid, white apron, hand up, kemonomimi mode, frills, long sleeves, white background, wide sleeves, hair between eyes, parted lips, simple background, frilled apron, aqua nails, hair ornament, alternate costume, nail polish, extra ears"
25BKgLyZQCcEofWUZV9fvY_25BKgLyZQCcEofWUZV9fvY-002.png,"1girl, solo, animal ears, japanese clothes, cat ears, twintails, long hair, kimono, maid headdress, pink kimono, maid, looking at viewer, aqua hair, blush, apron, white background, upper body, aqua eyes, animal ear fluff, frills, long sleeves, wide sleeves, wa maid, sash, hand up, very long hair, simple background, kemonomimi mode, obi, ribbon, hair between eyes, white apron, frilled apron, hair ribbon"
25BKgLyZQCcEofWUZV9fvY_25BKgLyZQCcEofWUZV9fvY-003.png,"1girl, solo, animal ears, twintails, long hair, japanese clothes, cat ears, maid headdress, pink kimono, kimono, maid, apron, looking at viewer, aqua hair, blush, upper body, wa maid, aqua eyes, !, white apron, long sleeves, very long hair, wide sleeves, hand up, frills, hair between eyes, animal ear fluff, white background, frilled apron, maid apron, alternate costume, hair ornament, ribbon trim, simple background"
25BKgLyZQCcEofWUZV9fvY_25BKgLyZQCcEofWUZV9fvY-004.png,"1girl, animal ears, solo, cat ears, japanese clothes, twintails, long hair, maid headdress, kimono, maid, pink kimono, apron, looking at viewer, animal ear fluff, blush, aqua hair, upper body, aqua eyes, hand up, wa maid, white apron, long sleeves, hair between eyes, wide sleeves, hair ribbon, white background, ribbon, frills, kemonomimi mode, very long hair, frilled apron, simple background, waist apron, alternate costume, black ribbon, maid apron"
25BKgLyZQCcEofWUZV9fvY_25BKgLyZQCcEofWUZV9fvY-005.png,"1girl, solo, twintails, maid headdress, long hair, pink kimono, japanese clothes, maid, kimono, looking at viewer, apron, blush, aqua hair, upper body, aqua eyes, wa maid, white apron, long sleeves, wide sleeves, hand up, frills, parted lips, hair ornament, hair between eyes, very long hair, frilled apron, alternate costume, floral print, maid apron"
25BKgLyZQCcEofWUZV9fvY_25BKgLyZQCcEofWUZV9fvY-006.png,"1girl, solo, long hair, maid headdress, twintails, pink kimono, japanese clothes, kimono, maid, apron, looking at viewer, aqua hair, white apron, aqua eyes, blush, upper body, wa maid, long sleeves, wide sleeves, frills, floral print, hand up, hair ornament, frilled apron, hair between eyes, very long hair, alternate costume, closed mouth, maid apron, ribbon"
25BKgLyZQCcEofWUZV9fvY_25BKgLyZQCcEofWUZV9fvY-007.png,"1girl, solo, twintails, long hair, maid headdress, apron, maid, japanese clothes, pink kimono, kimono, looking at viewer, aqua hair, blush, white apron, aqua eyes, wa maid, upper body, wide sleeves, long sleeves, frills, hand up, hair between eyes, alternate costume, hair ornament, very long hair, frilled apron, sparkle, maid apron, ribbon, parted lips"
25BKgLyZQCcEofWUZV9fvY_25BKgLyZQCcEofWUZV9fvY-008.png,"1girl, solo, long hair, twintails, maid headdress, japanese clothes, pink kimono, apron, maid, kimono, white apron, aqua hair, looking at viewer, blush, very long hair, wa maid, aqua eyes, frilled apron, skirt, long sleeves, wide sleeves, hand up, frills, hakama, hair ornament, :o, hair between eyes, open mouth, maid apron, floral print, parted lips, alternate costume, hakama skirt"
25BvamyXADhXKANyAbRscz_25BvamyXADhXKANyAbRscz-001.png,"1girl, breasts, human scabbard, weapon, solo, japanese clothes, sword, purple hair, musou isshin \(genshin impact\), purple eyes, kimono, mole, mole under eye, long hair, holding weapon, cleavage, flower, obi, holding sword, sash, holding, braid, looking at viewer, hair ornament, tomoe \(symbol\), electricity, mitsudomoe \(shape\), large breasts, bridal gauntlets, obijime, purple kimono, obiage, parted lips, purple nails, purple flower, shoulder armor, armor, wide sleeves, white background, katana, ribbon, long sleeves, drawing sword, tassel, simple background"
25HaR6eXT8JooLTFwEm7KA_25HaR6eXT8JooLTFwEm7KA-001.png,"1girl, solo, black dress, smile, jack-o'-lantern, looking at viewer, dress, holding, food, halloween, cross, grey eyes, white hair, candy, halloween bucket, indoors, closed mouth, short hair, pumpkin, candle, blush, capelet, long sleeves, breasts, medium hair, necklace, jewelry, church, cross necklace, holding basket"
25HaR6eXT8JooLTFwEm7KA_25HaR6eXT8JooLTFwEm7KA-002.png,"1girl, breasts, solo, cross, cleavage, looking at viewer, upper body, jewelry, necklace, hood, nun, claw pose, cross necklace, grey hair, closed mouth, grey eyes, blush, frown, habit, medium hair, hand up, church, indoors, black cape, medium breasts, cloak, white hair, capelet, cape, large breasts, v-shaped eyebrows, black cloak, buttons, hair between eyes"
25WdNsLmvpfTak4oPYpnxq_25WdNsLmvpfTak4oPYpnxq-001.png,"1girl, armor, solo, heterochromia, blue eyes, green eyes, looking at viewer, brown hair, helmet, blue armor, wings, crossed arms, short hair, white wings, shoulder armor, feathered wings, closed mouth, breastplate, belt"
25WdNsLmvpfTak4oPYpnxq_25WdNsLmvpfTak4oPYpnxq-002.png,"1girl, solo, brown hair, wings, armor, green eyes, short hair, looking at viewer, heterochromia, power armor, brown eyes, white wings, bodysuit, cosplay, petals, angel wings, walking, closed mouth"
25WdNsLmvpfTak4oPYpnxq_25WdNsLmvpfTak4oPYpnxq-003.png,"1girl, solo, green eyes, brown hair, armor, heterochromia, short hair, looking at viewer, wings, closed mouth, purple eyes, shoulder armor, bodysuit, gauntlets"
25WdNsLmvpfTak4oPYpnxq_25WdNsLmvpfTak4oPYpnxq-004.png,"heterochromia, solo, green eyes, armor, brown hair, purple eyes, looking at viewer, 1boy, male focus, short hair, wings, gloves, closed mouth, blue armor, shoulder armor"
25WdNsLmvpfTak4oPYpnxq_25WdNsLmvpfTak4oPYpnxq-005.png,"robot, mecha, no humans, solo, yellow eyes, looking at viewer, straight-on, science fiction, blue eyes, white background, petals"
25gRMNwvr7TmLT3j5jkdR7_25gRMNwvr7TmLT3j5jkdR7-001.png,"1girl, solo, animal ears, dress, long hair, black dress, purple eyes, animal ear fluff, looking at viewer, braid, necklace, bare shoulders, detached sleeves, jewelry, black background, simple background, white hair, very long hair, long sleeves, grey hair, belt, extra ears, closed mouth, sleeveless, single braid, expressionless, puffy sleeves, cat ears"
25vDji3MD7CYFVLcBYScRK_25vDji3MD7CYFVLcBYScRK-001.png,"1girl, water gun, solo, shirt, shorts, lying, outdoors, wet, blue eyes, black hair, smile, beach, holding water gun, holding, denim, looking at viewer, denim shorts, black shirt, water, ocean, sky, short sleeves, short hair, day, dutch angle, wet clothes, short shorts, t-shirt, blush, thighs, blue shorts, blue sky, cloud, breasts, on back, clothes writing, sand, hands up, grin, wet hair"
25wi7hXCivhtC7645yJDcC_25wi7hXCivhtC7645yJDcC-001.png,"1girl, solo, thighhighs, blue eyes, holding, staff, long hair, holding staff, breasts, hat, looking at viewer, white thighhighs, white headwear, detached sleeves, from below, underwear, panties, beret, skirt, sky, long sleeves, black panties, halo, thighs, braid, lamppost, outdoors, looking down, white dress, dress, pleated skirt, standing, white skirt, blonde hair, arm up, armpits, holding weapon, white hair, cloud, medium breasts, weapon, gold trim, small breasts"
25wi7hXCivhtC7645yJDcC_25wi7hXCivhtC7645yJDcC-002.png,"blue eyes, holding, halo, thighhighs, hat, long hair, detached sleeves, braid, weapon, polearm, solo focus, holding polearm, holding weapon, white headwear, skirt, from below, armpits, multiple girls, white dress, 2girls, thighs, arm up, bare shoulders, long sleeves, staff, looking at viewer, dress, parted lips, spear, white skirt, white hair, small breasts, white sleeves, ribbon, pleated skirt, breasts, beret, gold trim, holding staff, sleeveless, puffy sleeves, white footwear, bow, indoors, white thighhighs, thigh boots, boots, 1girl, standing, zettai ryouiki"
266FAfDxiaNmHiko9CJP9D_266FAfDxiaNmHiko9CJP9D-001.png,"1girl, weapon, sword, shield, animal ears, long hair, solo, animal ear headphones, fake animal ears, holding, holding sword, cape, headphones, holding weapon, cat ear headphones, white hair, tail, red eyes, ahoge, looking at viewer, robot joints, cat ears, outdoors, robot, standing, joints, sky, multicolored hair, torn clothes, cloud"
266FAfDxiaNmHiko9CJP9D_266FAfDxiaNmHiko9CJP9D-002.png,"1girl, solo, animal ears, long hair, white hair, open mouth, tail, fake animal ears, robot joints, joints, blue eyes, cat ears, looking at viewer, covered navel, small breasts, bodysuit, :o, animal ear headphones, purple eyes, cape, cat ear headphones, headphones, breasts"
266FAfDxiaNmHiko9CJP9D_266FAfDxiaNmHiko9CJP9D-003.png,"1girl, weapon, sword, animal ears, long hair, white hair, cat, solo, fake animal ears, ahoge, cape, standing, bodysuit, looking at viewer, cat ears, planted, blue eyes, neon trim, outdoors, holding weapon, purple eyes, planted sword, joints, holding, animal, holding sword, full body, torn clothes, covered navel, armor, glowing, tail, sky, cloak, robot joints"
26PyYea5NQyUgCT3KZvPjg_26PyYea5NQyUgCT3KZvPjg-001.png,"1girl, swing, flower, barefoot, solo, dress, hair flower, hair ornament, bug, detached sleeves, white dress, butterfly, long hair, pink eyes, outdoors, pink flower, white hair, blush, sitting, multicolored hair, pink hair, sky, two side up, toes, gradient hair, looking at viewer, day, long sleeves, blue sky, feet, cloud, full body, closed mouth, puffy long sleeves, white sleeves, see-through sleeves, sleeveless dress, see-through, puffy sleeves, sleeveless, floral print, bare legs, swinging"
26PyYea5NQyUgCT3KZvPjg_26PyYea5NQyUgCT3KZvPjg-002.png,"1girl, flower, dress, solo, swing, bug, white dress, butterfly, hair ornament, sitting, long hair, hair flower, blush, white hair, detached sleeves, looking at viewer, outdoors, two side up, pink flower, sky, parted lips, socks, white socks, long sleeves, cloud, pink eyes, necklace, day, blue sky, feet out of frame, red eyes, floral print, :o, white sleeves, sleeveless, sleeveless dress, puffy long sleeves"
26PyYea5NQyUgCT3KZvPjg_26PyYea5NQyUgCT3KZvPjg-003.png,"1girl, flower, dress, solo, bug, hair ornament, butterfly, hair flower, outdoors, swing, sitting, white dress, see-through sleeves, long hair, see-through, blush, pink eyes, two side up, pink flower, white hair, sky, black footwear, multicolored hair, shoes, long sleeves, looking at viewer, parted lips, pink hair, day, cloud, gradient hair, full body, white socks, socks, blue sky, puffy long sleeves, very long hair, floral print, frilled dress, necklace, jewelry, child, footwear bow, blunt bangs, mary janes"
26WtY7MySfKe6YXzQ8owC8_26WtY7MySfKe6YXzQ8owC8-001.png,"1girl, food, candy, animal ears, solo, long hair, holding candy, lollipop, dress, rabbit ears, white hair, holding, frills, holding food, fake animal ears, holding lollipop, corset, looking at viewer, short sleeves, hairband, stuffed animal, stuffed toy, hair ornament, lolita fashion, frilled dress, black eyes, lolita hairband, white dress, blush, window, ribbon, rabbit hair ornament, curtains, puffy sleeves, breasts, small breasts"
26WtY7MySfKe6YXzQ8owC8_26WtY7MySfKe6YXzQ8owC8-002.png,"1girl, food, candy, solo, animal ears, lollipop, rabbit ears, holding candy, long hair, white hair, holding lollipop, sitting, dress, holding food, holding, short sleeves, looking at viewer, frills, white dress, puffy sleeves, wrist cuffs, black eyes, blush, hairband, corset, pantyhose, pillow, puffy short sleeves, hair ornament, breasts, white thighhighs, very long hair, lolita fashion, ribbon, frilled dress, bow, fake animal ears, cross-laced clothes, pink nails, small breasts, couch, white pantyhose, pink bow, pink ribbon"
26WtY7MySfKe6YXzQ8owC8_26WtY7MySfKe6YXzQ8owC8-003.png,"1girl, food, animal ears, candy, lollipop, rabbit ears, solo, holding candy, long hair, white hair, dress, frills, holding, holding lollipop, black eyes, holding food, corset, short sleeves, looking at viewer, white dress, frilled dress, hairband, blush, fake animal ears, ribbon, stuffed toy, puffy sleeves, bow, pink background, very long hair, mirror, heart, lolita fashion, stuffed animal, blue ribbon, lolita hairband, flower"
26WtY7MySfKe6YXzQ8owC8_26WtY7MySfKe6YXzQ8owC8-004.png,"1girl, candy, lollipop, food, holding candy, animal ears, solo, holding lollipop, white hair, rabbit ears, holding, frills, long hair, dress, sitting, holding food, short sleeves, black eyes, looking at viewer, stuffed toy, fake animal ears, corset, bow, hairband, stuffed animal, frilled dress, puffy sleeves, couch, blue bow, puffy short sleeves, white dress, lolita fashion, curtains, ribbon, bowtie"
26WtY7MySfKe6YXzQ8owC8_26WtY7MySfKe6YXzQ8owC8-005.png,"1girl, animal ears, food, solo, candy, long hair, rabbit ears, lollipop, holding, white hair, holding candy, dress, frills, holding food, looking at viewer, holding lollipop, white dress, short sleeves, hairband, wrist cuffs, corset, fake animal ears, indoors, black eyes, ribbon, pantyhose, frilled dress, blush, skirt hold, lolita fashion, puffy sleeves, cowboy shot, very long hair"
26aoq6X2dTKreTKK3LBjkY_26aoq6X2dTKreTKK3LBjkY-001.png,"1girl, weapon, gun, animal ears, solo, rifle, holding, hair over one eye, holding weapon, purple hair, tail, holding gun, black hair, bodysuit, long hair, animal ear fluff, sitting, shell casing, looking at viewer, sniper rifle, multicolored hair, scope, black bodysuit, colored inner hair, grey eyes, knee up, braid, closed mouth, gloves, black footwear, outdoors, black gloves, two-tone hair, breasts, boots, bullet"
26aoq6X2dTKreTKK3LBjkY_26aoq6X2dTKreTKK3LBjkY-002.png,"1girl, weapon, gun, solo, hair over one eye, holding, holding weapon, animal ears, black hair, sitting, purple hair, holding gun, bodysuit, rifle, long hair, looking at viewer, torn clothes, multicolored hair, breasts, shell casing, knee up, black bodysuit, gloves, braid, scope, grey eyes, outdoors, bullet, colored inner hair, closed mouth, black gloves, large breasts, assault rifle, suppressor, two-tone hair"
26aoq6X2dTKreTKK3LBjkY_26aoq6X2dTKreTKK3LBjkY-003.png,"1girl, weapon, animal ears, gun, solo, rifle, hair over one eye, tail, long hair, holding, shell casing, black hair, purple hair, holding weapon, bodysuit, animal ear fluff, sitting, looking at viewer, holding gun, scope, sniper rifle, gloves, multicolored hair, grey eyes, outdoors, fox ears, black bodysuit, bullet, building, closed mouth, colored inner hair, knee up, fox girl, black gloves, torn clothes, breasts, fox tail, city"
26aoq6X2dTKreTKK3LBjkY_26aoq6X2dTKreTKK3LBjkY-004.png,"1girl, weapon, gun, animal ears, solo, holding, rifle, holding weapon, hair over one eye, purple hair, long hair, holding gun, tail, shell casing, sitting, black hair, animal ear fluff, looking at viewer, bodysuit, night, multicolored hair, black footwear, gloves, scope, boots, closed mouth, colored inner hair, sniper rifle, fox ears, outdoors, building, knees up, grey eyes, bullet, fox tail"
26cdeYZUFsPDQ86T3sWYh6_26cdeYZUFsPDQ86T3sWYh6-001.png,"1girl, animal ears, cat ears, tail, cat tail, black hair, long hair, multicolored hair, shirt, colored inner hair, jacket, white shirt, solo, cat girl, animal ear fluff, black jacket, long sleeves, looking at viewer, collared shirt, white background, blue hair, two-tone hair, simple background, orange eyes, hair intakes, closed mouth, breasts, very long hair, ahoge, halo, upper body, belt, hands up, floating hair, skirt, black skirt, zipper"
26cdeYZUFsPDQ86T3sWYh6_26cdeYZUFsPDQ86T3sWYh6-002.png,"1girl, animal ears, red eyes, tail, black hair, cat ears, cat tail, red hair, animal ear fluff, skirt, holding, jacket, solo, multicolored hair, black jacket, weapon, short hair, shirt, cat girl, long sleeves, holding weapon, black skirt, white shirt, closed mouth, two-tone hair, collared shirt, sword, pleated skirt, colored inner hair, holding sword, white background"
26ipqTJdeUhtQL5U3nAG6M_26ipqTJdeUhtQL5U3nAG6M-001.png,"1girl, breasts, solo, smile, blue eyes, shorts, cleavage, wet, looking at viewer, towel, pink shorts, blonde hair, long hair, bottle, indoors, night, blush, bare shoulders, closed mouth, towel around neck, dolphin shorts, sleeveless, standing, wet clothes, window, camisole, shirt, cowboy shot, short shorts, curtains, large breasts, doorway, water bottle, sleeveless shirt, medium breasts, thighs, bare arms, see-through, white shirt, collarbone, wet hair, cityscape, tiles, pov doorway, bra visible through clothes"
26ipqTJdeUhtQL5U3nAG6M_26ipqTJdeUhtQL5U3nAG6M-002.png,"1girl, breasts, solo, smile, wet, blue eyes, looking at viewer, shorts, towel, cleavage, curtains, bottle, night, dolphin shorts, standing, indoors, pink shorts, water bottle, closed mouth, curtain grab, bare shoulders, camisole, long hair, blush, sleeveless, short shorts, thighs, wet clothes, window, shirt, towel around neck, sleeveless shirt, medium breasts, bare arms, white shirt, wet hair, see-through, collarbone, large breasts, brown hair, blonde hair, doorway, night sky"
26ipqTJdeUhtQL5U3nAG6M_26ipqTJdeUhtQL5U3nAG6M-003.png,"1girl, breasts, solo, towel, shorts, blue eyes, wet, smile, looking at viewer, long hair, blonde hair, bottle, camisole, dolphin shorts, pink shorts, indoors, cleavage, night, closed mouth, standing, towel around neck, water bottle, blush, medium breasts, curtains, short shorts, holding, window, wet hair, bare shoulders, spaghetti strap, collarbone, wet clothes, white camisole, thighs, sleeveless, shirt, sky, bare arms, white shirt, sleeveless shirt"
26ipqTJdeUhtQL5U3nAG6M_26ipqTJdeUhtQL5U3nAG6M-004.png,"1girl, solo, breasts, towel, blue eyes, smile, shorts, bottle, looking at viewer, holding, wet, indoors, pink shorts, camisole, dolphin shorts, cleavage, night, blush, closed mouth, bare shoulders, standing, holding bottle, short shorts, medium breasts, water bottle, sleeveless, thighs, towel around neck, window, bare arms, curtains, brown hair, shirt, long hair, small breasts, sleeveless shirt"
26vbtvetih4G7ydRtkm2bk_26vbtvetih4G7ydRtkm2bk-001.png,"1girl, japanese clothes, kimono, solo, blonde hair, hair ornament, blue eyes, looking at viewer, sash, flower, leaf, hair flower, obi, blush, smile, autumn leaves, breasts, closed mouth, yukata, white kimono, braid, maple leaf, floral print, own hands together, ahoge, long sleeves, blurry, wide sleeves, hair between eyes, sidelocks, print kimono, hair bun, standing, cowboy shot, large breasts, leaf print, medium breasts, short hair"
26vbtvetih4G7ydRtkm2bk_26vbtvetih4G7ydRtkm2bk-002.png,"1girl, solo, japanese clothes, blonde hair, kimono, looking at viewer, hair ornament, leaf, blush, autumn leaves, upper body, breasts, blue eyes, sash, short hair, maple leaf, parted lips, flower, hair flower, obi, yukata, hair between eyes, white kimono"
26wBL2VsWTPQ3skUD9w3gq_26wBL2VsWTPQ3skUD9w3gq-001.png,"pink hair, solo, holding, 1boy, heart, hat, male focus, red belt, pants, belt, short hair, looking at viewer, cape, white cape, black pants, long sleeves, white headwear, holding weapon, closed mouth, weapon, polearm, holding polearm, grey eyes, thigh boots, hair between eyes, boots, jacket, cowboy shot, tassel, shirt, ascot, black footwear, petals"
27FcWFC8bvz3idcxw6BTQH_27FcWFC8bvz3idcxw6BTQH-001.png,"no humans, claws, solo, open mouth, teeth, sharp teeth, pokemon \(creature\), outdoors, standing, nature, forest, horns, blurry, tree, full body, red eyes, looking at viewer, grass, dragon, tail"
27FnVRYAyvqccDBNCWX5vV_27FnVRYAyvqccDBNCWX5vV-001.png,"1girl, solo, blue eyes, pink hair, flower, long hair, clock, smile, outdoors, hair ornament, looking at viewer, hair flower, balloon, blush, jewelry, earrings, sky, clock tower, wavy hair, frills, day, yellow flower, flower earrings, tower, cowboy shot, short sleeves, blue sky, dress, hands up, skirt, braid, building, closed mouth, standing, cloud, white shirt, layered skirt, frilled dress, frilled skirt, shirt, pink flower, striped skirt"
27FnVRYAyvqccDBNCWX5vV_27FnVRYAyvqccDBNCWX5vV-002.png,"1girl, solo, balloon, long hair, blue eyes, flower, pink hair, dress, hair ornament, smile, hair flower, jewelry, earrings, looking at viewer, blush, flower earrings, short sleeves, blue dress, closed mouth, yellow flower, frills, white background, frilled dress, wrist cuffs, braid, puffy sleeves, simple background, puffy short sleeves, cowboy shot, wavy hair, holding, hand up, clothing cutout, white flower, necklace, breasts"
27FnVRYAyvqccDBNCWX5vV_27FnVRYAyvqccDBNCWX5vV-003.png,"1girl, solo, clock, blue eyes, pink hair, flower, long hair, hair flower, smile, hair ornament, clock tower, long sleeves, frills, balloon, dress, looking at viewer, outdoors, tower, blush, frilled dress, jewelry, pink dress, earrings, white shirt, shirt, yellow flower, closed mouth, day, skirt hold, holding, building, sky, wavy hair, bow, blue flower, pink skirt, holding balloon, collared shirt, flower earrings, blue sky, puffy long sleeves, ribbon, pleated dress, pink flower, white flower, very long hair, neck ribbon, skirt"
27FnVRYAyvqccDBNCWX5vV_27FnVRYAyvqccDBNCWX5vV-004.png,"1girl, solo, flower, long hair, pink hair, clock, blue eyes, hair flower, hair ornament, smile, looking at viewer, dress, outdoors, blush, clock tower, frills, tower, wrist cuffs, earrings, yellow flower, jewelry, frilled dress, breasts, sky, wavy hair, day, balloon, pink dress, closed mouth, ribbon, building, cowboy shot, blue sky, short sleeves, flower earrings, multicolored clothes, cleavage, cloud, standing"
27FnVRYAyvqccDBNCWX5vV_27FnVRYAyvqccDBNCWX5vV-005.png,"1girl, solo, flower, pink hair, blue eyes, clock, long hair, hair flower, hair ornament, jewelry, smile, outdoors, balloon, looking at viewer, skirt, blush, yellow flower, earrings, shirt, flower earrings, day, sky, short sleeves, frills, wavy hair, blue shirt, closed mouth, necklace, white skirt, blue sky, cloud, clock tower, striped skirt, building, skirt hold, striped clothes, tower, blue flower, cowboy shot, bracelet, hand up, bow, ribbon, white flower, twintails, collarbone, vertical-striped clothes, standing, pink flower"
27RCTzoEj6y6L8hU5eQko8_27RCTzoEj6y6L8hU5eQko8-001.jpg,"1girl, breasts, wings, horns, dress, solo, long hair, gloves, moon, pointy ears, looking at viewer, black gloves, full moon, black dress, bare shoulders, smile, backless outfit, ass, skull, looking back, backless dress, feathered wings, very long hair, white hair, red moon, black wings, night, hair between eyes, yellow eyes, large breasts, from behind, side slit, demon horns, medium breasts, outdoors, cowboy shot, parted lips, back, bare back"
27RCTzoEj6y6L8hU5eQko8_27RCTzoEj6y6L8hU5eQko8-002.png,"1girl, breasts, wings, dress, horns, gloves, long hair, pointy ears, solo, ass, looking back, elbow gloves, yellow eyes, looking at viewer, moon, white hair, large breasts, from behind, bare shoulders, backless outfit, backless dress, black gloves, full moon, black dress, skull, black wings, parted lips, feathered wings, red moon, night, very long hair, demon horns, back, side slit, outdoors, hair between eyes, smile, demon girl, bare back, sky, castle, lace-trimmed gloves"
27XbZtMPVk5t7m9yGPN3kB_27XbZtMPVk5t7m9yGPN3kB-001.png,"1girl, solo, skirt, looking at viewer, looking back, indoors, shirt, window, white shirt, from behind, curtains, long sleeves, pleated skirt, thighs, brown hair, jewelry, sunlight, parted lips, miniskirt, earrings, plant, medium hair, blue skirt, striped clothes, day, short hair, brown eyes, hand up, black skirt, border, striped skirt"
27pKNc6ZZPV4YbKatNmr7a_27pKNc6ZZPV4YbKatNmr7a-001.png,"solo, one eye closed, green eyes, pants, black pants, multicolored hair, shirt, black headwear, smile, hat, bow, black hair, blue hair, looking at viewer, striped bow, bowtie, black jacket, jacket, long sleeves, hair between eyes, white shirt, striped bowtie, collared shirt, two-sided fabric, closed mouth, ;\), earrings, finger to mouth, jewelry, black vest, vest, cowboy shot, short hair, 1girl, colored inner hair, cape, formal, hand up, two-tone hair, black cape, suit"
27xkPU9LJpxZjfq5HnxDz9_27xkPU9LJpxZjfq5HnxDz9-001.png,"1girl, solo, blue eyes, flower, holding, dress, looking at viewer, holding flower, jewelry, white dress, blush, earrings, sky, blonde hair, hat, outdoors, upper body, long hair, white flower, rose, cloud, floating hair, belt, puffy sleeves, short sleeves, o-ring, white rose, black headwear, covered mouth, frills"
28AumSHRgpVJQjdNh7pADD_28AumSHRgpVJQjdNh7pADD-001.png,"1girl, animal ears, dress, tail, cat ears, cat tail, pantyhose, outdoors, twintails, cat, sky, black cat, solo, moon, long hair, black dress, black footwear, tail ornament, ahoge, bow, animal ear fluff, black pantyhose, long sleeves, full body, cloud, full moon, low twintails, looking at viewer, tail bow, cat girl, blonde hair, :o, very long hair, frills, standing, blush, shoes, flower, choker, black choker, grass, star \(sky\), parted lips, fur trim, puffy long sleeves, green eyes, animal, starry sky, bell, frilled dress, puffy sleeves, night, blue eyes, huge moon, collar, hair ornament, ribbon"
28AumSHRgpVJQjdNh7pADD_28AumSHRgpVJQjdNh7pADD-002.png,"1girl, animal ears, cat, tail, outdoors, moon, sky, cat ears, long hair, heterochromia, cat tail, black cat, cloud, solo, flower, full moon, long sleeves, skirt, animal ear fluff, two side up, cat girl, red eyes, looking at viewer, night, standing, dress, belt, parted lips, shirt, yellow flower, animal, blue eyes, star \(sky\), blush, bell, black skirt, grass, black shirt, ribbon, neck ribbon, pleated skirt, white hair, field, :o"
28AumSHRgpVJQjdNh7pADD_28AumSHRgpVJQjdNh7pADD-003.png,"1girl, japanese clothes, animal ears, kimono, solo, long hair, tail ornament, moon, blue eyes, tail, sky, sash, black kimono, full moon, looking at viewer, obi, tail bell, outdoors, animal ear fluff, wide sleeves, star \(sky\), cloud, cat ears, cat tail, rabbit ears, long sleeves, very long hair, standing, starry sky, tail bow, night, blonde hair, tail ribbon, blush, ribbon, parted lips, cat girl, feet out of frame, night sky, bell"
28AumSHRgpVJQjdNh7pADD_28AumSHRgpVJQjdNh7pADD-004.png,"1girl, animal ears, moon, tail, animal ear fluff, cat, night, long hair, bell, skirt, solo, looking at viewer, cat tail, cat ears, sky, jacket, outdoors, full moon, cat girl, fur trim, night sky, braid, long sleeves, christmas tree, off shoulder, blonde hair, blush, white skirt, ahoge, fur-trimmed jacket, pink eyes, sweater, neck bell, black shirt, parted lips, jingle bell, open clothes, shirt, black cat, christmas, open jacket, star \(sky\)"
28PCuCkLvcnR5LMjFi7ndU_28PCuCkLvcnR5LMjFi7ndU-001.png,"1girl, solo, pointy ears, long hair, fire, white belt, smile, dress, looking at viewer, long sleeves, belt, green eyes, elf, blue dress, closed mouth, hair between eyes, white hair, breasts, floating hair, eyes visible through hair"
28PCuCkLvcnR5LMjFi7ndU_28PCuCkLvcnR5LMjFi7ndU-002.png,"1girl, breasts, solo, pointy ears, green eyes, cleavage, long hair, detached sleeves, large breasts, looking at viewer, smile, scar, armpits, multicolored hair, fire, clothing cutout, upper body, dress, bare shoulders, cleavage cutout, elf, white hair, arm up, parted lips, scar on face, hair intakes, green dress, colored inner hair, hair between eyes, long sleeves"
28PCuCkLvcnR5LMjFi7ndU_28PCuCkLvcnR5LMjFi7ndU-003.png,"1girl, solo, pointy ears, long hair, green eyes, hair ornament, detached sleeves, fire, smile, breasts, looking at viewer, scar, upper body, bare shoulders, hand on own chest, blue dress, dress, white hair, jewelry, earrings, closed mouth, hair between eyes, elf, scar on face, sleeveless, large breasts, scar across eye"
28bcBDWQszsc6an43Z3v55_28bcBDWQszsc6an43Z3v55-001.jpg,"1girl, wings, solo, halo, black wings, dress, black dress, chibi, smile, black footwear, pink background, feathered wings, multicolored hair, pink hair, white hair, full body, +_+, one side up, virtual youtuber, sleeveless dress, gradient background, looking at viewer, blush, sleeveless, sparkle, :d, standing, teeth, upper teeth only, open mouth, bare arms, bare shoulders, colored inner hair, pleated dress, halterneck, pink eyes, purple eyes, simple background, shoes, hair between eyes, hair ribbon, two-tone hair"
28i33DQjkJQAPrftGMe9oN_28i33DQjkJQAPrftGMe9oN-001.png,"1girl, cat, night, black hair, closed eyes, sleeping, pillow, black cat, lying, sky, under covers, indoors, night sky, window, long hair, star \(sky\), long sleeves, blanket, lamp, on back, animal, moon, bed, starry sky, clock, on bed, solo, black shirt, bed sheet"
28i33DQjkJQAPrftGMe9oN_28i33DQjkJQAPrftGMe9oN-002.png,"night, no humans, indoors, window, cat, sky, lamp, night sky, black cat, star \(sky\), bed, animal, pillow, bag, book, lying, cloud, starry sky, desk lamp, bedroom, on bed, animal focus, curtains, bookshelf, cup, scenery, yellow eyes, looking at viewer, mug, bed sheet"
28i33DQjkJQAPrftGMe9oN_28i33DQjkJQAPrftGMe9oN-003.png,"no humans, cat, night, black cat, window, indoors, sky, night sky, animal focus, animal, star \(sky\), bed, looking at viewer, camera, lamp, slit pupils, starry sky, lying, curtains, yellow eyes, bed sheet, cloud"
28oDb35zGh6BhAHUeMGThk_28oDb35zGh6BhAHUeMGThk-001.png,"pointy ears, 1boy, cat, blue eyes, male focus, holding animal, pants, animal, blonde hair, holding, black pants, elf, long sleeves, short hair, calico, solo, holding cat, closed mouth, standing, hair between eyes, shirt, leaf, sweater, plant, simple background, looking at animal"
28oDb35zGh6BhAHUeMGThk_28oDb35zGh6BhAHUeMGThk-002.png,"cat, 1boy, pointy ears, blue eyes, male focus, animal, blonde hair, leaf, outdoors, holding animal, solo, short hair, japanese clothes, closed mouth, holding, elf, calico, upper body, hair between eyes, day, looking at animal, kimono, plant, holding cat"
28oDb35zGh6BhAHUeMGThk_28oDb35zGh6BhAHUeMGThk-003.png,"pointy ears, 1boy, green eyes, leaf, cat, male focus, holding animal, animal, holding, long sleeves, short hair, elf, blonde hair, looking at animal, solo, robe, calico, white robe, closed mouth, plant, holding cat, white pants, standing, white background"
28oDb35zGh6BhAHUeMGThk_28oDb35zGh6BhAHUeMGThk-004.png,"pointy ears, 1boy, blue eyes, cat, blonde hair, male focus, leaf, animal, holding animal, holding, short hair, long sleeves, outdoors, upper body, closed mouth, solo, white shirt, shirt, calico, day, elf, holding cat"
28oDb35zGh6BhAHUeMGThk_28oDb35zGh6BhAHUeMGThk-005.png,"pointy ears, green hair, green eyes, cat, 1boy, short hair, sweater, holding, animal, long sleeves, holding animal, male focus, solo, green sweater, elf, leaf, upper body, looking at viewer, closed mouth, blue eyes, plant, hair between eyes, holding cat, puffy long sleeves, blush, outdoors, sleeves past wrists, day"
28oDb35zGh6BhAHUeMGThk_28oDb35zGh6BhAHUeMGThk-006.png,"pointy ears, 1boy, cat, male focus, orange hair, holding, animal, looking at viewer, short hair, solo, upper body, holding animal, leaf, elf, long sleeves, green eyes, collar, closed mouth, hair between eyes, shirt, calico, blush, white shirt, blue eyes, outdoors"
28oDb35zGh6BhAHUeMGThk_28oDb35zGh6BhAHUeMGThk-007.png,"pointy ears, 1boy, green hair, green eyes, cat, male focus, brown pants, shirt, pants, long sleeves, short hair, elf, green shirt, looking at viewer, heterochromia, solo, hair between eyes, outdoors, leaf, closed mouth, day, animal, sitting, blush, blue eyes"
28oDb35zGh6BhAHUeMGThk_28oDb35zGh6BhAHUeMGThk-008.png,"pointy ears, 1boy, cat, male focus, elf, holding, animal, orange hair, short hair, holding animal, long sleeves, upper body, solo, closed mouth, blue eyes, leaf, hair between eyes, chinese clothes, looking at viewer, animal on shoulder, plant, shirt, aqua eyes"
28qUxRVjvpYagwAouNv9bN_28qUxRVjvpYagwAouNv9bN-001.png,"1girl, weapon, horns, sword, solo, japanese clothes, sash, white kimono, obi, kimono, black hair, holding, holding weapon, snow, holding sword, east asian architecture, katana, red hair, architecture, blood, looking at viewer, outdoors, multicolored hair, wide sleeves, prosthesis, mechanical arms, colored inner hair, red eyes, obijime, oni, long sleeves, short hair, snowing, prosthetic arm, breasts, black gloves, obiage, standing, feet out of frame, gloves, closed mouth, building, two-tone hair, sky"
28qUxRVjvpYagwAouNv9bN_28qUxRVjvpYagwAouNv9bN-002.png,"1girl, weapon, sword, holding sword, holding weapon, solo, horns, japanese clothes, holding, black hair, red hair, white kimono, kimono, east asian architecture, obi, sash, snow, architecture, multicolored hair, katana, looking at viewer, blood, outdoors, red eyes, short hair, colored inner hair, mechanical arms, armor, breasts, oni, gauntlets, feet out of frame, wide sleeves, standing, prosthesis, prosthetic arm, stairs, building, day, medium breasts, two-tone hair, long sleeves"
28qUxRVjvpYagwAouNv9bN_28qUxRVjvpYagwAouNv9bN-003.png,"1girl, weapon, sword, solo, horns, japanese clothes, holding weapon, holding, white kimono, black hair, sash, east asian architecture, holding sword, blood, kimono, obi, katana, architecture, short hair, looking at viewer, snow, outdoors, wide sleeves, oni, sheath, breasts, feet out of frame, standing, night, mechanical legs, long sleeves, obijime, black eyes"
28qUxRVjvpYagwAouNv9bN_28qUxRVjvpYagwAouNv9bN-004.png,"1girl, weapon, horns, solo, sword, holding, black hair, holding weapon, japanese clothes, red hair, holding sword, thighhighs, sash, white kimono, colored inner hair, multicolored hair, short hair, obi, breasts, gauntlets, kimono, red eyes, east asian architecture, looking at viewer, katana, snowing, armor, snow, blood, outdoors, architecture, black thighhighs, sky, mechanical arms, parted lips, medium breasts, oni, two-tone hair, night"
28qUxRVjvpYagwAouNv9bN_28qUxRVjvpYagwAouNv9bN-005.png,"1girl, horns, weapon, solo, sword, red eyes, japanese clothes, white kimono, kimono, holding, holding weapon, katana, sash, white hair, armor, obi, looking at viewer, wide sleeves, holding sword, short hair, multicolored hair, red hair, oni, breasts, snow, east asian architecture, architecture, feet out of frame, shoulder armor, long sleeves, mechanical arms, sheath, outdoors, standing, from below, broken horn, medium breasts, japanese armor, gauntlets"
28qUxRVjvpYagwAouNv9bN_28qUxRVjvpYagwAouNv9bN-006.png,"1girl, weapon, sword, horns, solo, japanese clothes, black hair, holding, holding weapon, holding sword, katana, kimono, black eyes, snow, looking at viewer, white kimono, short hair, multicolored hair, red hair, sash, east asian architecture, obi, outdoors, architecture, wide sleeves, colored inner hair, mechanical arms, long sleeves, oni, two-tone hair, prosthesis, standing, closed mouth, feet out of frame"
28qUxRVjvpYagwAouNv9bN_28qUxRVjvpYagwAouNv9bN-007.png,"1girl, weapon, horns, sword, japanese clothes, solo, white kimono, kimono, holding weapon, holding, holding sword, red eyes, sash, white hair, looking at viewer, obi, katana, blood, red hair, multicolored hair, short hair, armor, colored inner hair, outdoors, oni, architecture, wide sleeves, east asian architecture, gauntlets, long sleeves, blood on clothes, sky, breasts, black sclera, stairs, shoulder armor, mechanical arms, colored sclera, parted lips, day, sheath"
28qUxRVjvpYagwAouNv9bN_28qUxRVjvpYagwAouNv9bN-008.png,"1girl, weapon, sword, japanese clothes, katana, holding weapon, solo, horns, white kimono, blood, holding sword, holding, kimono, obi, sash, red eyes, black hair, snow, architecture, short hair, oni, east asian architecture, standing, geta, blood on weapon, outdoors, looking at viewer, multicolored hair, snowing, stairs, wide sleeves, long sleeves, full body, red hair, blood on clothes, thighhighs, gloves, breasts, black gloves, obijime, shrine, torii, closed mouth, colored inner hair, bob cut, two-tone hair"
28qUxRVjvpYagwAouNv9bN_28qUxRVjvpYagwAouNv9bN-009.png,"1girl, weapon, sword, red eyes, horns, solo, japanese clothes, holding, holding sword, holding weapon, kimono, snow, white kimono, black hair, mechanical arms, east asian architecture, katana, sash, obi, architecture, red hair, outdoors, multicolored hair, prosthesis, short hair, colored inner hair, thighhighs, breasts, prosthetic arm, oni, single mechanical arm, two-tone hair, dutch angle"
28qUxRVjvpYagwAouNv9bN_28qUxRVjvpYagwAouNv9bN-010.png,"1girl, weapon, sword, horns, solo, holding, japanese clothes, holding weapon, black hair, sash, holding sword, snow, obi, architecture, east asian architecture, outdoors, short hair, blood, wide sleeves, kimono, white kimono, colored inner hair, looking at viewer, oni, katana, blue hair, armor, breasts, multicolored hair, snowing, shoulder armor, gloves, long sleeves, thighhighs, black gloves, sky, standing, two-tone hair, hand fan, parted lips, black thighhighs, broken horn, tree, medium breasts, holding fan, cowboy shot, black eyes"
28riq7LRofhrqf5LqnMnWV_28riq7LRofhrqf5LqnMnWV-001.png,"1girl, solo, piercing, tongue, tongue out, blue eyes, tattoo, twintails, looking at viewer, jacket, long hair, belt, navel, black jacket, midriff, jewelry, ear piercing, navel piercing, white hair, crop top, sleeveless shirt, earrings, black shirt, skirt, bare shoulders, open clothes, shirt, blush, small breasts, sleeveless, hair ornament, :p, black skirt, open jacket, long sleeves, breasts, off shoulder, shorts, white background, shoulder tattoo, black shorts, black belt, flower tattoo, thigh strap, chain, simple background, flower, thighs"
29473SUZNcDUkoEEpLiaZR_29473SUZNcDUkoEEpLiaZR-001.png,"1girl, japanese clothes, twintails, solo, miko, green eyes, black hair, smile, hakama, red hakama, cherry blossoms, flower, looking at viewer, open mouth, long hair, petals, hakama skirt, skirt, from above, hair ornament, kimono, wide sleeves, white kimono, outstretched arms, long sleeves, :d, hair flower, blush, looking up, pink flower, branch, outdoors, spread arms"
29D8PZvxwZMCxEgKTdYyU7_29D8PZvxwZMCxEgKTdYyU7-001.png,"1girl, solo, dress, hair ornament, hair flower, flower, looking at viewer, short sleeves, blush, closed mouth, short hair, puffy sleeves, frills, blue eyes, feet out of frame, blue hair, frilled dress, own hands together, puffy short sleeves, choker, notice lines, hands up, pink flower, collared dress, ribbon, sitting, blue dress"
29ZVCHntpUgsPugGAmrZQE_29ZVCHntpUgsPugGAmrZQE-001.png,"1girl, weapon, horns, japanese clothes, kimono, sword, solo, holding, holding weapon, long hair, holding sword, hair ornament, yellow eyes, cherry blossoms, sash, obi, katana, flower, looking at viewer, earrings, white hair, wide sleeves, jewelry, floral print, hair flower, sheath, long sleeves, black kimono, closed mouth, petals, breasts, unsheathing, blue kimono, tassel, night, blue hair, sky, print kimono"
29fvKWrj6gku4eLTnGXRWw_29fvKWrj6gku4eLTnGXRWw-001.png,"1girl, crop top, solo, long hair, navel, twintails, thighhighs, blue eyes, midriff, skirt, smile, pink hair, looking at viewer, stomach, water gun, white thighhighs, sleeveless shirt, shirt, sailor collar, holding, hat, water, choker, thighs, sleeveless, miniskirt, open mouth, blue skirt, very long hair, standing, wrist cuffs, bare shoulders, white shirt, short sleeves, detached sleeves, zettai ryouiki, dolphin, white headwear, shoes, :d, dual wielding, frills, holding water gun, sailor hat, bow, outdoors, layered skirt, sky, day, blue footwear, leg up, pleated skirt, wading, hands up, frilled skirt, buttons, hair bow, star \(symbol\), crop top overhang, puffy sleeves, frilled shirt, standing on one leg, breasts, fish, high heels, sun, beret, jewelry, hair ornament"
29fvKWrj6gku4eLTnGXRWw_29fvKWrj6gku4eLTnGXRWw-002.png,"1girl, solo, crop top, midriff, long hair, thighhighs, twintails, blue eyes, skirt, smile, navel, hat, wrist cuffs, water gun, shirt, choker, white thighhighs, sailor collar, looking at viewer, pink hair, short sleeves, stomach, white skirt, miniskirt, zettai ryouiki, pleated skirt, holding, white shirt, water, very long hair, shoes, sailor hat, sitting, thighs, starfish, bow, holding water gun, bowtie, blue footwear, crop top overhang, puffy sleeves, sailor shirt, closed mouth, shell, white headwear, frills, buttons, white sailor collar, frilled choker, ribbon, nail polish, wariza, hand up, outdoors, puffy short sleeves, jewelry, beach, hair ribbon, layered skirt"
29y4pxaivwoxpLGwoGWkVG_29y4pxaivwoxpLGwoGWkVG-001.png,"1girl, solo, blue eyes, black hair, multicolored hair, flower, hair ornament, hair bun, detached sleeves, looking at viewer, hair flower, white hair, ahoge, long hair, smile, double bun, two-tone hair, fang, split-color hair, open mouth, blush, bare shoulders, night, red flower, sleeves past fingers, frills, sleeves past wrists, upper body, architecture, black kimono, virtual youtuber, east asian architecture, :d, long sleeves, sky"
29y4pxaivwoxpLGwoGWkVG_29y4pxaivwoxpLGwoGWkVG-002.png,"1girl, multicolored hair, animal ears, black hair, solo, blue eyes, white hair, ahoge, long hair, looking at viewer, two-tone hair, hair ornament, animal ear fluff, flower, hairband, frills, bell, bare shoulders, split-color hair, frilled sleeves, architecture, hair flower, virtual youtuber, blush, long sleeves, wide sleeves, dress, east asian architecture, parted lips, tiger ears, red flower, night, detached sleeves, black kimono, very long hair, japanese clothes, bird, outdoors, red ribbon, black dress, jingle bell"
2A3XFaZ5ZUwWfXShL3YLrL_2A3XFaZ5ZUwWfXShL3YLrL-001.png,"1girl, solo, jacket, green eyes, denim, pants, purple hair, jeans, looking at viewer, sweater, long sleeves, open clothes, ponytail, open jacket, white sweater, turtleneck, scar, high-waist pants, cowboy shot, long hair, turtleneck sweater, parted lips, hair between eyes, breasts, blue pants, scar on face, green jacket, fire, shirt tucked in, ribbed sweater, explosion, standing, hand up"
2A3XFaZ5ZUwWfXShL3YLrL_2A3XFaZ5ZUwWfXShL3YLrL-002.png,"1girl, solo, pants, denim, jacket, green eyes, belt, purple hair, jeans, fire, looking at viewer, open clothes, long sleeves, ponytail, sweater, long hair, open jacket, black sweater, fur trim, cowboy shot, closed mouth, turtleneck, white jacket, black belt, hair between eyes, turtleneck sweater, fur-trimmed jacket, scar, buckle, border, belt buckle, standing, black shirt, puffy sleeves, down jacket"
2A3XFaZ5ZUwWfXShL3YLrL_2A3XFaZ5ZUwWfXShL3YLrL-003.png,"1girl, solo, jacket, denim, pants, purple hair, shirt, black shirt, ponytail, looking at viewer, scar, jeans, yellow eyes, open jacket, open clothes, hand in pocket, long sleeves, long hair, breasts, cowboy shot, fire, scar on face, hair between eyes, blush, sidelocks, closed mouth, brown jacket, medium breasts"
2A3XFaZ5ZUwWfXShL3YLrL_2A3XFaZ5ZUwWfXShL3YLrL-004.png,"1girl, solo, denim, green eyes, jacket, pants, purple hair, jeans, crossed arms, scar, looking at viewer, shirt, white shirt, ponytail, fur trim, long sleeves, hood, hair between eyes, cowboy shot, blue pants, scar on face, closed mouth, hooded jacket, fur-trimmed jacket"
2A7pgeif6zMLh2MfFCbrUX_2A7pgeif6zMLh2MfFCbrUX-001.png,"1girl, solo, pink hair, long hair, sitting, blue eyes, gloves, white footwear, white gloves, night, high heels, looking at viewer, fur trim, boots, outdoors, skirt, sweater, coat, bench, smile, snowflakes, high heel boots, full body, dress, sky, long sleeves, tree, blue dress, night sky, earrings, wavy hair, snow, jewelry, blush, blue skirt, white coat, christmas tree, belt, pantyhose, white belt"
2A7pgeif6zMLh2MfFCbrUX_2A7pgeif6zMLh2MfFCbrUX-002.png,"1girl, solo, blue dress, long hair, dress, blue eyes, gloves, sitting, white gloves, pink hair, coat, pantyhose, looking at viewer, black footwear, boots, earrings, jewelry, snow, belt, outdoors, full body, night, white coat, long sleeves, wavy hair, high heels, christmas tree, collared dress, blush, own hands together, bench, breasts, snowing, sweater, christmas"
2A7pgeif6zMLh2MfFCbrUX_2A7pgeif6zMLh2MfFCbrUX-003.png,"1girl, solo, blue eyes, pink hair, long hair, high heels, dress, sitting, gloves, white footwear, fur trim, white gloves, looking at viewer, christmas tree, blue dress, pantyhose, coat, full body, white pantyhose, snowflakes, snowflake print, boots, christmas, high heel boots, bench, long sleeves, white coat, night, own hands together, smile, snow, jewelry, outdoors, shirt, wavy hair, blush, very long hair, closed mouth, earrings"
2AAB8F4vzcvPQAdiCWcfgJ_2AAB8F4vzcvPQAdiCWcfgJ-001.png,"1girl, multicolored hair, chibi, solo, pink hair, braid, dress, virtual youtuber, bow, long hair, colored inner hair, black bow, multicolored eyes, blush, standing, hair bow, full body, black footwear, white dress, two-tone hair, frills, aqua hair, green hair, frilled dress, parted lips, green eyes, detached sleeves, gradient hair, :o"
2AAB8F4vzcvPQAdiCWcfgJ_2AAB8F4vzcvPQAdiCWcfgJ-002.png,"1girl, pink hair, solo, chibi, dress, braid, long sleeves, bow, full body, blush, green eyes, black dress, standing, parted lips, puffy sleeves, frilled dress, black footwear, black bow"
2AAB8F4vzcvPQAdiCWcfgJ_2AAB8F4vzcvPQAdiCWcfgJ-003.png,"1girl, solo, chibi, pink hair, multicolored hair, braid, gradient hair, black footwear, full body, long sleeves, thighhighs, standing, bow, multicolored eyes, green hair, shirt, boots, skirt, white shirt, black bow, frills, black thighhighs, puffy long sleeves, jirai kei, black skirt, green eyes, parted lips, virtual youtuber, indoors, shoulder cutout, cross-laced footwear, puffy sleeves, suspender skirt"
2AAB8F4vzcvPQAdiCWcfgJ_2AAB8F4vzcvPQAdiCWcfgJ-004.png,"green eyes, braid, pink hair, dress, blonde hair, black dress, 2girls, chibi, multicolored hair, multiple girls, solo focus, short sleeves, gradient hair, frilled dress, frills, puffy sleeves, blurry background, blurry, puffy short sleeves, virtual youtuber, short hair, wide-eyed, mini person, bow, box, parted lips, french braid"
2AKyptEXVjHNRTxdAQetTC_2AKyptEXVjHNRTxdAQetTC-001.png,"1girl, breasts, solo, sweater, blonde hair, hair ornament, looking at viewer, smile, large breasts, blush, turtleneck, earrings, jewelry, long sleeves, blue sweater, x hair ornament, short hair, black background, turtleneck sweater, closed mouth, upper body, blue eyes, ribbed sweater, sleeves past wrists, hairclip, simple background, hair twirling, hand up, hair between eyes"
2AKyptEXVjHNRTxdAQetTC_2AKyptEXVjHNRTxdAQetTC-002.png,"1girl, solo, blonde hair, blue eyes, sweater, breasts, pantyhose, looking at viewer, jewelry, earrings, large breasts, blush, turtleneck, hair ornament, long sleeves, short hair, white sweater, hairclip, cowboy shot, black pantyhose, turtleneck sweater, dress, sweater dress, parted lips, necklace, virtual youtuber, turtleneck dress, gradient background"
2ASa6qjcLDchV65pCpxKzv_2ASa6qjcLDchV65pCpxKzv-001.png,"1girl, solo, long hair, blue eyes, looking at viewer, dress, white dress, flower, smile, sky, head wreath, upper body, pink hair, blue sky, hair flower, frills, from side, hair ornament, white flower, blush, floating hair, outdoors, bare shoulders, day, breasts, closed mouth, frilled dress, feathers, medium breasts, off-shoulder dress, looking to the side, lips"
2ASa6qjcLDchV65pCpxKzv_2ASa6qjcLDchV65pCpxKzv-002.png,"1girl, solo, blue eyes, dress, wings, pink hair, looking at viewer, white dress, smile, long hair, flower, bare shoulders, sky, feathered wings, head wreath, angel wings, hair ornament, blush, upper body, blue sky, hair flower, floating hair, outdoors, day, cloud, detached sleeves, white flower, white wings, sleeveless, parted lips, breasts, sleeveless dress"
2ASa6qjcLDchV65pCpxKzv_2ASa6qjcLDchV65pCpxKzv-003.png,"1girl, solo, wings, blue eyes, pink hair, smile, long hair, white dress, dress, looking at viewer, flower, sky, angel wings, blush, upper body, hair flower, hair ornament, blue sky, bare shoulders, feathered wings, outdoors, head wreath, white wings, white flower, cloud, short sleeves, breasts, day, grin, detached sleeves, floating hair, teeth, hair between eyes"
2AoBAwgM7hyqtMvvXRjA3M_2AoBAwgM7hyqtMvvXRjA3M-001.png,"1girl, solo, purple hair, purple eyes, looking at viewer, blush, ofuda, long hair, hair between eyes, closed mouth, nail polish, purple nails, crossed bangs, portrait, finger to mouth, fingernails, hairband, talisman, upper body"
2AoBAwgM7hyqtMvvXRjA3M_2AoBAwgM7hyqtMvvXRjA3M-002.png,"1girl, solo, purple hair, purple eyes, crossed bangs, looking at viewer, blush, long hair, collarbone, hair between eyes, ofuda, white background, closed mouth, simple background, upper body, bare shoulders, breasts"
2AoBAwgM7hyqtMvvXRjA3M_2AoBAwgM7hyqtMvvXRjA3M-003.png,"1girl, solo, purple hair, purple eyes, holding, smile, looking at viewer, hair between eyes, long hair, portrait, blush, colored inner hair, red ribbon, crossed bangs, ribbon, ofuda, neck ribbon, parted lips, @_@, multicolored hair"
2BK5SUPQixjsXEmXgrVQgP_2BK5SUPQixjsXEmXgrVQgP-001.png,"1girl, animal ears, solo, baseball bat, tail, thighhighs, chibi, holding baseball bat, smile, skirt, cat ears, pink background, black skirt, holding, cat tail, black thighhighs, jacket, pleated skirt, multicolored hair, black jacket, black footwear, looking at viewer, grin, full body, shoes, long sleeves, blue hair, sparkle, white hair, v-shaped eyebrows, simple background, blush, virtual youtuber, short hair, colored inner hair, two-tone hair, pink eyes, choker, hood, bob cut, standing"
2BK5SUPQixjsXEmXgrVQgP_2BK5SUPQixjsXEmXgrVQgP-002.png,"1girl, animal ears, solo, tail, thighhighs, chibi, cat tail, shorts, smile, cat ears, black thighhighs, white hair, holding, jacket, shirt, baseball bat, holding baseball bat, necktie, looking at viewer, black shorts, collared shirt, black jacket, white shirt, black necktie, black footwear, closed mouth, full body, blush, long sleeves, blue background, cat girl, short shorts, simple background, short hair, paw print, animal ear fluff, blunt bangs, pink eyes"
2BK5SUPQixjsXEmXgrVQgP_2BK5SUPQixjsXEmXgrVQgP-003.png,"animal ears, chibi, shorts, thighhighs, tail, baseball bat, cat ears, smile, black shorts, shirt, cat tail, black shirt, paw print, holding baseball bat, pink background, holding, short hair, black thighhighs, looking at viewer, short sleeves, simple background, white hair, 1girl, animal ear fluff, cat girl, grin, purple eyes, skirt, pink eyes, blush, closed mouth, multiple views, breasts, belt, school uniform, paw print background, multiple girls"
2BK5SUPQixjsXEmXgrVQgP_2BK5SUPQixjsXEmXgrVQgP-004.png,"animal ears, thighhighs, shorts, chibi, navel, garter straps, long hair, smile, breasts, baseball bat, sleeveless, cat ears, looking at viewer, crop top, blue hair, 1girl, bare shoulders, midriff, holding, highleg, paw print, pink background, thighs, large breasts, black shorts, purple eyes, sleeveless shirt, stomach, short shorts, skindentation, holding baseball bat, fake animal ears, blue shorts, hairband, highleg panties, black shirt, simple background, bare arms, shirt, closed mouth, armpits, white hair, pink eyes, panty straps, blunt bangs, multiple views, underwear, black thighhighs, cowboy shot"
2BK5SUPQixjsXEmXgrVQgP_2BK5SUPQixjsXEmXgrVQgP-005.png,"animal ears, tail, cat tail, chibi, cat ears, navel, shorts, pink background, double bun, 1girl, holding, thighhighs, hair bun, jacket, smile, black shorts, paw print, pink eyes, midriff, hairband, plump, fake animal ears, hat, short shorts, looking at viewer, baseball bat, closed mouth, long sleeves, white hair, animal ear headwear, black headwear, heart, short hair, multiple views, simple background, belly, blunt bangs, outstretched arms, blush, standing, blue footwear, blue jacket, blue hair, cat girl, black footwear"
2BKUcJDKhmEu4jdCv2oy86_2BKUcJDKhmEu4jdCv2oy86-001.png,"1girl, blindfold, watermelon, pants, fruit, solo, food, shirt, pink hair, denim, ponytail, white shirt, sandals, beach, jacket, holding, pink jacket, full body, long hair, outdoors, stick, sand, jeans, holding stick, open clothes, toenails, shadow, toes, open jacket, standing, black blindfold, closed mouth, ocean, blue pants, covered eyes, breasts, sleeves rolled up, black footwear, water, day, long sleeves, facing viewer, wooden sword"
2BKUcJDKhmEu4jdCv2oy86_2BKUcJDKhmEu4jdCv2oy86-002.png,"1girl, blindfold, watermelon, pants, denim, solo, shirt, food, fruit, pink hair, white shirt, ponytail, sandals, beach, holding, pink jacket, long hair, stick, full body, jacket, sand, jeans, shadow, outdoors, holding stick, closed mouth, blue pants, open clothes, wooden sword, toes, black blindfold, covered eyes, standing, weapon, open jacket, toenails, long sleeves, facing viewer, day"
2BPsGu6j2WqXAmSJ7AGgGz_2BPsGu6j2WqXAmSJ7AGgGz-001.png,"1girl, horns, fangs, blonde hair, heart, solo, red eyes, symbol-shaped pupils, long hair, heart-shaped pupils, animal ears, fire, looking at viewer, shirt, open mouth, upper body, tail, white shirt, smile, demon horns, curled horns, blush, hood, collared shirt, hand up, hood down, cloak, :d, drill hair, demon girl, sheep horns, demon tail, virtual youtuber, red bow, red ribbon, bow, ribbon, hooded cloak"
2BPsGu6j2WqXAmSJ7AGgGz_2BPsGu6j2WqXAmSJ7AGgGz-002.png,"1girl, horns, blonde hair, heart, fangs, symbol-shaped pupils, solo, sheep horns, animal ears, red eyes, heart-shaped pupils, long hair, open mouth, looking at viewer, bow, red bow, shirt, curled horns, tail, white shirt, blush, brooch, upper body, smile, reaching towards viewer, bowtie, long sleeves, collared shirt, fire, demon horns, reaching, v-shaped eyebrows, red bowtie, outstretched arm, jewelry, dress, cape, cloak, black cape, hair between eyes, hood, two-sided fabric, sheep girl, center frills, :d, black background, sheep ears"
2BPsGu6j2WqXAmSJ7AGgGz_2BPsGu6j2WqXAmSJ7AGgGz-003.png,"1girl, horns, heart, blonde hair, solo, fangs, sheep horns, animal ears, symbol-shaped pupils, long hair, red eyes, looking at viewer, open mouth, shirt, heart-shaped pupils, smile, brooch, upper body, sheep ears, curly hair, long sleeves, fire, blush, sheep girl, collared shirt, tail, jewelry, white shirt, :d, black cape, curled horns, cape, v-shaped eyebrows, hood, two-sided fabric, cloak, red gemstone"
2BPsGu6j2WqXAmSJ7AGgGz_2BPsGu6j2WqXAmSJ7AGgGz-004.png,"1girl, horns, fangs, blonde hair, heart, solo, red eyes, symbol-shaped pupils, long hair, animal ears, open mouth, heart-shaped pupils, shirt, looking at viewer, white shirt, upper body, long sleeves, sheep horns, collared shirt, curled horns, blush, cape, brooch, fire, cloak, bow, smile, v-shaped eyebrows, two-sided fabric, red bow, black cape, black background, frills, jewelry, hood, sheep ears"
2BTAwr6HKfSnAcYN7Lmmf5_2BTAwr6HKfSnAcYN7Lmmf5-001.png,"1girl, solo, shirt, looking at viewer, collared shirt, white shirt, short hair, jacket, closed mouth, brown hair, fingernails, reflection, glass, blush, upper body, blue jacket, arm up, lips, blazer, green eyes, blurry, blue eyes, black hair, multicolored hair, dress shirt, eyelashes"
2BTAwr6HKfSnAcYN7Lmmf5_2BTAwr6HKfSnAcYN7Lmmf5-002.png,"1girl, solo, looking at viewer, sleeveless, upper body, blush, short hair, brown hair, parted lips, breasts, brown eyes, bare shoulders, from side, glass, shirt, medium breasts, black hair, sleeveless shirt, bare arms, blue shirt, looking to the side, broken glass"
2BTAwr6HKfSnAcYN7Lmmf5_2BTAwr6HKfSnAcYN7Lmmf5-003.png,"eye focus, blue eyes, 1girl, close-up, reflection, solo, black hair, looking at viewer, eyelashes, blue hair, multicolored hair, eye reflection, crack"
2BTAwr6HKfSnAcYN7Lmmf5_2BTAwr6HKfSnAcYN7Lmmf5-004.png,"1girl, solo, long hair, looking at viewer, necktie, shirt, blue necktie, jacket, white shirt, upper body, collared shirt, blush, black jacket, long sleeves, hand up, blazer, glass, orange eyes, orange hair, closed mouth, school uniform, blonde hair, from side"
2BTAwr6HKfSnAcYN7Lmmf5_2BTAwr6HKfSnAcYN7Lmmf5-005.png,"1girl, glasses, solo, looking at viewer, upper body, jacket, parted lips, short hair, blush, long sleeves, ahoge, glass, breasts, broken glass, black jacket, zipper, orange eyes, blonde hair, large breasts, zipper pull tab"
2BTAwr6HKfSnAcYN7Lmmf5_2BTAwr6HKfSnAcYN7Lmmf5-006.png,"1girl, solo, looking at viewer, brown hair, brown eyes, short hair, sweater, blush, turtleneck, black sweater, turtleneck sweater, parted lips, reflection, jacket, portrait, upper body, glass, ribbed sweater, night"
2BTAwr6HKfSnAcYN7Lmmf5_2BTAwr6HKfSnAcYN7Lmmf5-007.png,"1girl, solo, shirt, brown hair, looking at viewer, white shirt, collared shirt, parted lips, blush, short hair, upper body, brown eyes, hand up, glass, broken glass"
2BfVU2XFi7rPd9w8SreSmc_2BfVU2XFi7rPd9w8SreSmc-001.png,"1girl, solo, sitting, dress, outdoors, looking at viewer, blonde hair, ocean, long hair, white dress, blush, sky, cloud, beach, blue eyes, frills, long sleeves, frilled dress, water, day, blue sky, signature, blunt bangs, border, feet out of frame, from side, rock, looking to the side, horizon, closed mouth, sand, parted lips"
2C4Yin7Qy7gUu3oPPxzWuR_2C4Yin7Qy7gUu3oPPxzWuR-001.png,"1girl, solo, one eye closed, hat, yellow eyes, gloves, white hair, long hair, black gloves, smile, capelet, santa hat, thighhighs, dress, red capelet, boots, elbow gloves, corset, bell, breasts, merry christmas, thigh boots, colored inner hair, looking at viewer, blonde hair, christmas, fur trim, multicolored hair, red dress, santa costume, red headwear, earrings, black footwear, lace-up boots, cross-laced footwear, medium breasts, blush, jewelry, fur-trimmed dress, neck bell"
2C4Yin7Qy7gUu3oPPxzWuR_2C4Yin7Qy7gUu3oPPxzWuR-002.png,"1girl, hat, solo, one eye closed, white hair, gloves, yellow eyes, santa hat, black gloves, smile, earrings, jewelry, long hair, snowflakes, red headwear, red capelet, colored inner hair, capelet, blonde hair, upper body, breasts, looking at viewer, multicolored hair, christmas, black bow, bow, fur trim, santa costume, closed mouth, fur-trimmed headwear, star \(symbol\), medium breasts"
2C4Yin7Qy7gUu3oPPxzWuR_2C4Yin7Qy7gUu3oPPxzWuR-003.png,"1girl, hat, solo, one eye closed, yellow eyes, gloves, smile, dress, long hair, white hair, santa hat, black gloves, capelet, red capelet, colored inner hair, red background, blonde hair, pantyhose, boots, snowflakes, earrings, red headwear, jewelry, looking at viewer, red dress, fur trim, breasts, multicolored hair, corset, long sleeves, christmas, santa costume, black footwear, star \(symbol\), simple background, very long hair, bow, fur-trimmed dress, pom pom \(clothes\), thigh boots, blush, thighhighs, medium breasts, fur-trimmed capelet, cross-laced footwear, grin"
2CAncEZE5fFPPt9o7aswTP_2CAncEZE5fFPPt9o7aswTP-001.png,"1girl, animal ears, swimsuit, solo, outdoors, bikini, cat ears, beach, navel, long hair, braid, multicolored hair, looking at viewer, smile, day, frilled bikini, sky, ocean, frills, blue bikini, cloud, animal ear fluff, blush, blue hair, aqua hair, blue sky, tree, closed mouth, hair between eyes, orange hair, cowboy shot, water, hands up, palm tree, bare shoulders, collarbone, bare arms, stomach, aqua eyes, green eyes, virtual youtuber, gradient hair, extra ears, sand"
2CMMwYK5QAKGFjyrHrzxkv_2CMMwYK5QAKGFjyrHrzxkv-001.png,"1girl, breasts, solo, looking at viewer, shorts, jewelry, pout, earrings, downblouse, bra, underwear, collarbone, shirt, black bra, blush, white background, simple background, brown eyes, black shirt, blue shorts, black hair, off-shoulder shirt, short hair, off shoulder, :t, bare shoulders, cleavage, short shorts, medium breasts, closed mouth, frilled shirt, hair between eyes, brown hair, small breasts"
2CfzjtHThEP2kKQVMRmF6u_2CfzjtHThEP2kKQVMRmF6u-001.png,"multiple girls, v, one-piece swimsuit, swimsuit, pool, smile, black hair, white one-piece swimsuit, grey eyes, long hair, innertube, double v, swim ring, grey hair, water, chibi, closed mouth, short hair, cat, partially submerged, red eyes, looking at viewer, blush, black cat, comic, brown eyes, black eyes, 4girls, child"
2CuA8NkCRnSZgV7r8bsjxa_2CuA8NkCRnSZgV7r8bsjxa-001.png,"1girl, solo, dress, long hair, smile, looking at viewer, red dress, sitting, grey eyes, jewelry, bare shoulders, earrings, short sleeves, hairband, closed mouth, white hair, frills, off shoulder, blurry background, blurry, breasts, off-shoulder dress, feet out of frame, grey hair, frilled dress, petals, medium breasts, puffy sleeves, blush, red hairband"
2CwdahdkvutmVdvk2bd6BP_2CwdahdkvutmVdvk2bd6BP-001.png,"1girl, mole under eye, mole, 1boy, pointy ears, wings, blue eyes, heart, necktie, shirt, spoken heart, white hair, smile, blue ribbon, looking at another, long hair, ribbon, black necktie, collared shirt, blue shirt, white dress, jacket, hair ribbon, white background, closed mouth, blush, dress, black jacket, upper body, suit, simple background, short hair, hetero, feathered wings, breasts, open clothes, white wings, formal, lapels"
2CwdahdkvutmVdvk2bd6BP_2CwdahdkvutmVdvk2bd6BP-002.jpg,"1girl, 1boy, pointy ears, halo, mole under eye, mole, necktie, wings, blue eyes, white hair, shirt, long hair, looking at viewer, white shirt, white background, closed mouth, smile, angel, jacket, black necktie, simple background, black jacket, blush, upper body, collared shirt, angel wings, collarbone, dress, blue ribbon, short hair, ribbon, suit, braid, parted bangs, blue dress, open clothes, open jacket, formal, feathered wings, breasts, brother and sister, white wings"
2CwdahdkvutmVdvk2bd6BP_2CwdahdkvutmVdvk2bd6BP-003.png,"1girl, 1boy, pointy ears, wings, mole under eye, mole, necktie, heart, spoken heart, dress, braid, long hair, blue eyes, short sleeves, blush, suit, white hair, looking at another, smile, white background, formal, shirt, black jacket, simple background, feathered wings, white shirt, black necktie, blue ribbon, parted bangs, closed mouth, white dress, collared shirt, jacket, puffy sleeves, ribbon, upper body, black suit, short hair, white wings, puffy short sleeves, angel wings, neck ribbon, elf, v arms, blue dress"
2D6LbjADLABisN8cXq6byx_2D6LbjADLABisN8cXq6byx-001.png,"1girl, japanese clothes, solo, kimono, purple eyes, multicolored hair, green hair, hair ornament, smile, open mouth, looking at viewer, floral print, blush, red hair, sash, obi, outdoors, wide sleeves, hair flower, long sleeves, blue hair, short hair, flower, new year, braid, two-tone hair, :d, teeth, print kimono, sunset, upper teeth only, red kimono, happy new year, signature"
2D6LbjADLABisN8cXq6byx_2D6LbjADLABisN8cXq6byx-002.png,"1girl, japanese clothes, solo, kimono, multicolored hair, smile, purple eyes, looking at viewer, sash, hair ornament, open mouth, obi, blush, floral print, wide sleeves, new year, flower, hair flower, long sleeves, happy new year, red kimono, :d, blonde hair, fur collar, short hair, red hair, teeth, print kimono, two-tone hair, green hair, pink hair, blue hair, upper teeth only, fur trim, sky, pink kimono, cowboy shot, furisode"
2D6LbjADLABisN8cXq6byx_2D6LbjADLABisN8cXq6byx-003.png,"1girl, japanese clothes, solo, kimono, hair ornament, multicolored hair, blue eyes, hair flower, heterochromia, flower, smile, long hair, looking at viewer, open mouth, upper body, floral print, own hands together, purple eyes, happy new year, sash, blush, new year, obi, blue hair, print kimono, purple hair, long sleeves, green hair, :d, wide sleeves, red flower, teeth, red hair, white flower, two-tone hair, upper teeth only, pink hair"
2D6LbjADLABisN8cXq6byx_2D6LbjADLABisN8cXq6byx-004.png,"1girl, solo, japanese clothes, kimono, multicolored hair, smile, purple eyes, floral print, happy new year, blonde hair, open mouth, sash, ahoge, new year, obi, looking at viewer, hair ornament, blush, wide sleeves, flower, short hair, hair flower, print kimono, long sleeves, pink hair, blue hair, red kimono, :d, streaked hair, hair bow, teeth, bow, furisode"
2D8xfWUScFcaBFTR88UA9T_2D8xfWUScFcaBFTR88UA9T-001.png,"1girl, solo, maid headdress, long hair, hair over one eye, apron, cake, food, holding, indoors, maid, short sleeves, looking at viewer, white apron, dress, socks, blue eyes, black socks, black dress, tray, holding tray, blush, closed mouth, very long hair, wrist cuffs, cake slice, cup, kneehighs, maid apron, frills, puffy sleeves, ribbon, frilled apron, puffy short sleeves, collared dress, standing, eyes visible through hair, feet out of frame, cafe, neck ribbon, drink, drinking straw, strawberry"
2DCewWiDkzMTLAqpduUghe_2DCewWiDkzMTLAqpduUghe-001.png,"animal ears, 1girl, bag, looking at viewer, outdoors, red eyes, backpack, cat ears, brown hair, shirt, bow, animal ear fluff, hair bow, short hair, extra ears, street, white shirt, blush, upper body, road, black bag, solo, white bow, day, closed mouth, building, from side, blurry, city, looking to the side, cat girl, blurry background, holding strap, red nails, solo focus"
2DCewWiDkzMTLAqpduUghe_2DCewWiDkzMTLAqpduUghe-002.png,"animal ears, red eyes, bag, cat ears, looking at viewer, brown hair, cat, solo focus, outdoors, blush, short hair, ribbon, closed mouth, long sleeves, multiple girls, shoulder bag, upper body, shirt, white ribbon, school bag, hair ribbon, black shirt, extra ears, school uniform, people, building, black bag, >_<, cat girl, black jacket, animal ear fluff, jacket, white bow, animal, city"
2DM44uxCaJvvfkQobWwz4u_2DM44uxCaJvvfkQobWwz4u-001.png,"1girl, solo, shorts, smile, brown eyes, sailor collar, blue shorts, shirt, open mouth, looking at viewer, short sleeves, short hair, white shirt, blush, blue sailor collar, neckerchief, salute, :d, school uniform, cowboy shot, black hair, teeth, blue neckerchief, serafuku, short shorts, brown hair, arm up, standing, indoors"
2DM44uxCaJvvfkQobWwz4u_2DM44uxCaJvvfkQobWwz4u-002.png,"1girl, solo, shorts, sailor collar, smile, black hair, short hair, sleeveless, open mouth, brown eyes, looking at viewer, shirt, salute, pink shorts, pink neckerchief, blush, neckerchief, teeth, upper teeth only, sleeveless shirt, pink sailor collar, yellow shirt, cowboy shot, short shorts, :d, outdoors, midriff peek, collarbone, pink hair"
2DM44uxCaJvvfkQobWwz4u_2DM44uxCaJvvfkQobWwz4u-003.png,"solo, shorts, blue hair, smile, multicolored hair, 1girl, open mouth, looking at viewer, flower, hair ornament, sailor collar, hair flower, blush, long sleeves, :d, pink hair, gradient hair, shirt, salute, short hair, sky, brown eyes, ahoge, cloud, sun, one side up, dutch angle, purple hair, short shorts"
2DNyMREjvk92PmtJYca9Az_2DNyMREjvk92PmtJYca9Az-001.png,"1girl, dress, solo, long hair, blue eyes, blue dress, ring, tiara, jewelry, star \(sky\), very long hair, looking at viewer, bare shoulders, starry sky, sitting, breasts, sky, closed mouth, sleeveless, starry sky print, long dress, smile, sleeveless dress, white hair, off shoulder, medium breasts, grey hair"
2DNyMREjvk92PmtJYca9Az_2DNyMREjvk92PmtJYca9Az-002.png,"1girl, dress, solo, long hair, blue dress, tiara, blue eyes, star \(sky\), skirt hold, looking at viewer, sky, starry sky, white hair, long dress, bare shoulders, jewelry, very long hair, night, breasts, blue nails, starry sky print, closed mouth, standing, night sky, smile, sleeveless, off-shoulder dress, virtual youtuber, gown, hand up, off shoulder"
2DNyMREjvk92PmtJYca9Az_2DNyMREjvk92PmtJYca9Az-003.png,"1girl, dress, solo, blue dress, blue eyes, tiara, star \(sky\), looking at viewer, sky, breasts, starry sky, jewelry, feet out of frame, night, grey hair, night sky, sidelocks, ring, standing, parted lips, bracelet, long dress, short sleeves, medium breasts, high-low skirt, layered dress, hand on own chest"
2DQCKZoaCJRrcVZrYNXSi2_2DQCKZoaCJRrcVZrYNXSi2-001.png,"1girl, swimsuit, solo, one-piece swimsuit, competition swimsuit, long hair, breasts, wet, ponytail, indoors, pool, upper body, rei no pool, blonde hair, collarbone, blue one-piece swimsuit, wet swimsuit, small breasts, wet clothes, looking down, bare shoulders, from side, closed mouth, two-tone swimsuit, water"
2DQCKZoaCJRrcVZrYNXSi2_2DQCKZoaCJRrcVZrYNXSi2-002.png,"1girl, breasts, solo, swimsuit, one-piece swimsuit, wet, long hair, ponytail, cleavage, pool, competition swimsuit, upper body, indoors, blonde hair, collarbone, from side, large breasts, closed mouth, bare shoulders, blue one-piece swimsuit, grey eyes, water, medium breasts, wet swimsuit, wet clothes, hair between eyes"
2DWiDpaPQuNBTFA3Y7Sh7V_2DWiDpaPQuNBTFA3Y7Sh7V-001.png,"1girl, breasts, shorts, green eyes, solo, navel, large breasts, looking at viewer, white shorts, green hair, multicolored hair, smile, black hair, colored inner hair, sitting, midriff, candle, cleavage, off shoulder, short shorts, dolphin shorts, shirt, bare shoulders, open clothes, fire, thighs, closed mouth, tank top, two-tone hair, indoors, jacket, night, sleeveless shirt, short hair, collarbone, stomach, open jacket, crop top, medium hair, sleeveless"
2DWiDpaPQuNBTFA3Y7Sh7V_2DWiDpaPQuNBTFA3Y7Sh7V-002.png,"1girl, shorts, green eyes, green hair, white shorts, solo, candle, navel, multicolored hair, breasts, jacket, lantern, colored inner hair, looking at viewer, shirt, black hair, smile, off shoulder, jewelry, short shorts, midriff, open clothes, architecture, night, cowboy shot, open jacket, necklace, closed mouth, outdoors, holding, east asian architecture, sleeveless shirt, crop top, long sleeves, earrings, short hair, two-tone hair, sky, tank top, green shirt, medium breasts, orange shirt, standing, sleeveless, bare shoulders, large breasts"
2DWiDpaPQuNBTFA3Y7Sh7V_2DWiDpaPQuNBTFA3Y7Sh7V-003.png,"1girl, white shorts, shorts, breasts, green eyes, solo, navel, black hair, multicolored hair, smile, green hair, colored inner hair, sitting, looking at viewer, midriff, candle, large breasts, off shoulder, shirt, cleavage, short shorts, lantern, open clothes, medium hair, thighs, two-tone hair, fire, tank top, closed mouth, bare shoulders, sleeveless shirt, night, jacket, sleeveless, hand up, bare legs, dolphin shorts, crop top, feet out of frame, stomach, collarbone, open jacket"
2DWiDpaPQuNBTFA3Y7Sh7V_2DWiDpaPQuNBTFA3Y7Sh7V-004.png,"1girl, breasts, green eyes, solo, shorts, navel, multicolored hair, black hair, smile, looking at viewer, white shorts, midriff, cleavage, shirt, green hair, fire, open clothes, colored inner hair, medium hair, large breasts, candle, short shorts, crop top, hand up, indoors, cowboy shot, jacket, orange shirt, closed mouth, dolphin shorts, open jacket, two-tone hair, floral print, long sleeves, blush, collarbone, wide sleeves, stomach"
2DaBntGJ8fLBqEYJDS3GVF_2DaBntGJ8fLBqEYJDS3GVF-001.png,"2girls, multiple girls, blue eyes, hair ornament, black hair, ahoge, hood, earrings, hairclip, smile, jewelry, hoodie, looking at viewer, blue hoodie, multicolored hair, hug, upper teeth only, blush, open mouth, long sleeves, hood down, blue hair, star \(symbol\), upper body, teeth, virtual youtuber, white background, colored inner hair, short hair, rabbit hair ornament, :d, medium hair, closed mouth, simple background"
2DvULebcCgasiDdZv858xZ_2DvULebcCgasiDdZv858xZ-001.png,"1boy, blonde hair, cape, male focus, blue eyes, solo, red cape, open mouth, braid, looking at viewer, bodysuit, blush, superhero, teeth, circlet, gloves, blue bodysuit, clenched hand, red footwear"